Tool Name,Free Plan Key Features,Limitations (Free Plan),Best For
Trello,"Kanban boards, unlimited cards, up to 10 boards per workspace, labels, deadlines, attachments, comments, Power-Ups","Limited Power-Ups per board, limited automation","Visual task management, small teams, freelancers"
ClickUp,"Unlimited tasks/projects/users, multiple views (List, Kanban, Gantt, Calendar), docs, chat, whiteboards, automation, integrations","Limited advanced reporting & automation","All-in-one productivity platform for teams of any size"
Zoho Projects,"Up to 3 projects, 5 users, Gantt charts, milestones, discussions, calendar, basic integrations","Limited projects/users, advanced features in paid plans","Small businesses, startups, freelancers"
Jira,"Agile & Scrum boards, unlimited projects, up to 10 users, developer tool integrations (GitHub, GitLab)","Limited user count, fewer automation rules","Software development teams"
Asana,"Task assignment, list & board view, timeline, integrations","15 user limit, limited advanced reporting and admin features","Team collaboration & task tracking"
Freedcamp,"Task lists, Kanban, milestones, time tracking, basic issue tracking","Limited advanced storage & premium modules","General-purpose teams and freelancers"
OpenProject,"Open-source, task management, Gantt charts, boards, time tracking, team collaboration","Self-hosting might be required for more customization; Cloud plan’s free tier is limited","Agile, classic, or hybrid PM with open-source flexibility"
Wrike,"Task & subtask management, board view, file sharing","2 GB storage, limited integrations & collaboration tools","Teams needing structured work management"
Paymo,"Task management, time tracking, invoicing (basic), reporting","Limited users and storage","Freelancers and small agencies"
Airtable,"Spreadsheet-database hybrid, templates, Kanban/Gantt, integration support","Record and storage caps per base","Customizable project tracking & data management"
Plaky,"Simple project boards, task assignment, unlimited users","Lacks advanced reporting/automation","Small teams wanting basic free PM"
